"source","GHz s","ergs s-1 hz-1"
"psrs_2","0.012418","0.0099372"
"psrs_2","0.000112","0.014406"
"psrs_2","0.001134","0.18496"
"psrs_2","0.007938","0.0057024"
"psrs_2","0.000112","0.000585844"
"psrs_2","0.001708","0.0120422"
"psrs_2","0.00266","0.40396"
"psrs_2","0.0028","1.10171"
"psrs_2","0.01022","0.00864"
"psrs_2","0.012558","0.007203"
"psrs_2","0.00315","0.00245025"
"psrs_2","0.00182","0.220342"
"psrs_2","0.000574","0.00137388"
"psrs_2","0.000672","0.550854"
"psrs_2","0.00091","0.00760416"
"psrs_2","0.000728","0.0384197"
"psrs_2","0.004886","0.03042"
"psrs_2","0.00098","0.00766101"
"psrs_2","0.007966","0.00484237"
"psrs_2","0.002492","0.00093615"
"psrs_2","0.004676","0.00492499"
"psrs_2","0.000322","0.0004096"
"psrs_2","0.00112","0.0007744"
"psrs_2","0.00476","0.00151875"
"psrs_2","0.00126","0.0039675"
"psrs_2","0.008176","0.0027075"
"psrs_2","0.005978","0.00199809"
"psrs_2","0.000924","0.228091"
"psrs_2","0.000854","0.00346112"
"psrs_2","0.006286","0.00184512"
"psrs_2","0.00672","0.00443556"
"psrs_2","0.00175","0.0425085"
"psrs_2","0.000546","0.02783"
"psrs_2","0.00252","0.0315"
"psrs_2","0.002576","0.026047"
"psrs_2","0.000616","0.00123245"
"psrs_2","0.0035","0.00477405"
"psrs_2","0.00013566","0.0036352"
"psrs_2","0.0014","0.00576583"
"psrs_2","0.001106","0.323905"
"psrs_2","0.00266","0.00962361"
"psrs_2","0.00077","0.115681"
"psrs_2","0.004018","0.0522559"
"psrs_2","0.001134","0.0081133"
"psrs_2","0.00112","0.115681"
"psrs_2","0.00504","0.00155585"
"psrs_2","0.00224","0.000845"
"psrs_2","0.003178","0.007921"
"psrs_2","0.00168","0.00329623"
"psrs_2","0.000574","0.740355"
"psrs_2","0.00084","0.00240818"
"psrs_2","0.00168","0.439586"
"psrs_2","0.002226","0.0943718"
"psrs_2","0.02597","0.0467856"
"psrs_2","0.00336","0.694083"
"psrs_2","0.00126","0.185089"
"psrs_2","0.00042","0.056"
"psrs_2","0.0035","0.185089"
"psrs_2","0.0105","0.0140608"
"psrs_2","0.000378","0.00410571"
"psrs_2","0.00252","0.0462722"
"psrs_2","0.000868","0.112784"
"psrs_2","0.00812","0.508994"
"psrs_2","0.00378","0.485858"
"psrs_2","0.001624","0.142129"
"psrs_2","0.000028","0.0127238"
"psrs_2","0.000742","0.0088804"
"psrs_2","0.0000798","0.00032256"
"psrs_2","0.000966","0.0494287"
"psrs_2","0.001281","0.00671536"
"psrs_2","0.00728","0.0366368"
"psrs_2","0.001232","0.0697885"
"psrs_2","0.008148","0.0025047"
"psrs_2","0.0084","0.0122931"
"psrs_2","0.00252","0.00009604"
"psrs_2","0.001946","0.00454276"
"psrs_2","0.00224","0.00192246"
"psrs_2","0.002576","0.00031117"
"psrs_2","0.00084","0.00006912"
"psrs_2","0.000266","0.00173056"
"psrs_2","0.00238","0.0900987"
"psrs_2","0.000574","0.00722779"
"psrs_2","0.00434","0.00181202"
"psrs_2","0.000826","0.0147875"
"psrs_2","0.00175","0.0133678"
"psrs_2","0.0028","0.0103336"
"psrs_2","0.000882","0.0086903"
"psrs_2","0.002002","0.002116"
"psrs_2","0.00812","0.00171925"
"psrs_2","0.00406","9.73287"
"psrs_2","0.000756","0.0535815"
"psrs_2","0.00546","0.00652082"
"psrs_2","0.0028","0.00334176"
"psrs_2","0.000098","0.00123008"
"psrs_2","0.001708","0.00921984"
"psrs_2","0.001064","0.0276768"
"psrs_2","0.0021","0.484632"
"psrs_2","0.005796","0.001849"
"psrs_2","0.00294","0.0072962"
"psrs_2","0.003094","0.0420175"
"psrs_2","0.0189","0.0294549"
"psrs_2","0.00616","0.00766322"
"psrs_2","0.00238","0.0659571"
"psrs_2","0.002968","0.0031104"
"psrs_2","0.000812","0.001296"
"psrs_2","0.1036","0.0000729"
"psrs_2","0.000854","0.0696827"
"psrs_2","0.000812","0.0180248"
"psrs_2","0.000294","0.09251"
"psrs_2","0.000686","0.00153317"
"psrs_2","0.003346","0.0020736"
"psrs_2","0.001246","0.287642"
"psrs_2","0.00098","0.00415872"
"psrs_2","0.00798","0.00741445"
"psrs_2","0.00322","0.120746"
"psrs_2","0.001162","0.0469278"
"psrs_2","0.000854","0.0183322"
"psrs_2","0.00308","0.00552123"
"psrs_2","0.003192","0.00087846"
"psrs_2","0.00105","0.019602"
"psrs_2","0.00154","0.184856"
"psrs_2","0.001386","0.037524"
"psrs_2","0.000112","0.00255512"
"psrs_2","0.000714","0.0255997"
"psrs_2","0.00294","0.011616"
"psrs_2","0.0028","0.272273"
"psrs_2","0.0049","0.00632261"
"psrs_2","0.00126","0.0772468"
"psrs_2","0.00182","0.0653092"
"psrs_2","0.00133","0.00127008"
"psrs_2","0.000392","0.431649"
"psrs_2","0.00532","0.00031205"
"psrs_2","0.00147","0.006048"
"psrs_2","0.000966","0.0559192"
"psrs_2","0.0021","0.0346193"
"psrs_2","0.00574","0.0156868"
"psrs_2","0.00868","0.00246037"
"psrs_2","0.0035","0.010092"
"psrs_2","0.000686","0.0120337"
"psrs_2","0.00252","0.00890669"
"psrs_2","0.00154","0.403225"
"psrs_2","0.00098","0.0185075"
"psrs_2","0.009814","0.00433664"
"psrs_2","0.000966","0.00028566"
"psrs_2","0.000644","0.0028642"
"psrs_2","0.00133","0.0056784"
"psrs_2","0.00105","0.0138384"
"psrs_2","0.001092","0.0222939"
"psrs_2","0.000504","0.00882"
"psrs_2","0.00063","0.00141151"
"psrs_2","0.0021","0.0807433"
"psrs_2","0.00238","0.0099351"
"psrs_2","0.00546","0.00195481"
"psrs_2","0.0035","0.0364148"
"psrs_2","0.0014","0.174793"
"psrs_2","0.0000966","0.0008112"
"psrs_2","0.00434","0.00228125"
"psrs_2","0.001036","0.243471"
"psrs_2","0.00644","0.0213452"
"psrs_2","0.001218","0.005125"
"psrs_2","0.000588","0.00661676"
"psrs_2","0.001092","0.039871"
"psrs_2","0.001022","0.402428"
"psrs_2","0.004284","0.00641574"
"psrs_2","0.00616","0.72"
"psrs_2","0.00266","0.00308898"
"psrs_2","0.00196","0.126"
"psrs_2","0.00728","0.00742605"
"psrs_2","0.0001498","0.00048"
"psrs_2","0.00504","0.18"
"psrs_2","0.0000826","0.000185394"
"psrs_2","0.0000224","0.00274234"
"psrs_2","0.0014","0.108"
"psrs_2","0.001078","0.0495597"
"psrs_2","0.00294","0.0033836"
"psrs_2","0.00322","0.102941"
"psrs_2","0.001148","0.0102652"
"psrs_2","0.00224","0.00466487"
"psrs_2","0.000294","0.00111392"
"psrs_2","0.008652","0.0404496"
"psrs_2","0.0035","0.0299476"
"psrs_2","0.00098","0.301428"
"psrs_2","0.0001148","0.0314928"
"psrs_2","0.001274","0.025344"
"psrs_2","0.00322","0.00151875"
"psrs_2","0.00224","0.00308513"
"psrs_2","0.00126","0.0872356"
"psrs_2","0.000784","0.0577226"
"psrs_2","0.00462","0.0681645"
"psrs_2","0.00154","0.0275404"
"psrs_2","0.0014","0.00267354"
"psrs_2","0.000672","0.0143766"
"psrs_2","0.00308","0.066504"
"psrs_2","0.00322","0.107578"
"psrs_2","0.00084","0.702"
"psrs_2","0.001022","0.00158995"
"psrs_2","0.0028","3.91277"
"psrs_2","0.00224","0.0341123"
"psrs_2","0.00224","0.0257816"
"psrs_2","0.00252","0.00900912"
"psrs_2","0.00077","0.00793031"
"psrs_2","0.000686","0.00128066"
"psrs_2","0.000672","0.0374887"
"psrs_2","0.00378","0.0109167"
"psrs_2","0.0063","0.00538859"
"psrs_2","0.001302","0.000596232"
"psrs_2","0.00364","0.0715306"
"psrs_2","0.00308","0.15169"
"psrs_2","0.0021","0.969478"
"psrs_2","0.00154","1.26"
"psrs_2","0.00406","1.8"
"psrs_2","0.002324","0.0008748"
"psrs_2","0.000756","0.0173651"
"psrs_2","0.00196","0.0215472"
"psrs_2","0.001246","0.340588"
"psrs_2","0.00854","0.102969"
"psrs_2","0.00336","0.056448"
"psrs_2","0.00294","0.30951"
"psrs_2","0.0014","0.115308"
"psrs_2","0.000924","0.0318369"
"psrs_2","0.00224","0.00435974"
"psrs_2","0.0021","0.174712"
"psrs_2","0.00182","0.0421819"
"psrs_2","0.0000294","0.00018818"
"psrs_2","0.000714","0.0648025"
"psrs_2","0.01302","0.243"
"psrs_2","0.00056","0.0160744"
"psrs_2","0.00224","0.00822701"
"psrs_2","0.000686","0.0408321"
"psrs_2","0.0357","2.61"
"psrs_2","0.004438","0.0041472"
"psrs_2","0.0021","0.02704"
"psrs_2","0.01246","0.457705"
"psrs_2","0.00168","0.294123"
"psrs_2","0.000672","0.0147456"
"psrs_2","0.000616","0.033792"
"psrs_2","0.0042","0.0303826"
"psrs_2","0.00112","0.0342187"
"psrs_2","0.00462","0.00206082"
"psrs_2","0.0014","0.0157709"
"psrs_2","0.00154","0.0247118"
"psrs_2","0.00742","0.00313345"
"psrs_2","0.00518","0.00493589"
"psrs_2","0.00224","0.00593051"
"psrs_2","0.001344","0.000742577"
"psrs_2","0.000826","0.000297052"
"psrs_2","0.000672","0.0790704"
"psrs_2","0.00182","0.467339"
"psrs_2","0.0294","0.0170896"
"psrs_2","0.00182","0.117"
"psrs_2","0.0014","0.0492032"
"psrs_2","0.00112","0.285017"
"psrs_2","0.00546","0.000131648"
"psrs_2","0.0021","0.0680805"
"psrs_2","0.001316","0.00326605"
"psrs_2","0.0021","0.135"
"psrs_2","0.00812","0.132519"
"psrs_2","0.00392","0.000494384"
"psrs_2","0.000854","0.020452"
"psrs_2","0.0014","0.128535"
"psrs_2","0.001134","0.23315"
"psrs_2","0.0028","0.0116208"
"psrs_2","0.000546","0.00996219"
"psrs_2","0.0259","0.220342"
"psrs_2","0.00154","0.034"
"psrs_2","0.00798","0.10496"
"psrs_2","0.00168","0.063"
"psrs_2","0.00616","0.0151321"
"psrs_2","0.0014","0.117072"
"psrs_2","0.00448","0.0230976"
"psrs_2","0.0028","0.00852518"
"psrs_2","0.007154","0.007396"
"psrs_2","0.000924","1.71925"
"psrs_2","0.00168","0.0516096"
"psrs_2","0.00294","0.153"
"psrs_2","0.00868","0.0299652"
"psrs_2","0.00168","0.0690624"
"psrs_2","0.00154","0.00724201"
"psrs_2","0.0028","0.07986"
"psrs_2","0.000616","0.0302526"
"psrs_2","0.00049","0.00075264"
"psrs_2","0.001204","0.00704205"
"psrs_2","0.00084","0.00591408"
"psrs_2","0.00196","0.00968877"
"psrs_2","0.0000924","0.0011858"
"psrs_2","0.00392","0.115417"
"psrs_2","0.00154","0.000466796"
"psrs_2","0.00322","0.035972"
"psrs_2","0.00098","0.09"
"psrs_2","0.01302","0.141725"
"psrs_2","0.00532","0.0667816"
"psrs_2","0.00266","1.44"
"psrs_2","0.00224","0.359206"
"psrs_2","0.00266","0.288"
"psrs_2","0.00322","2.12576"
"psrs_2","0.00462","0.0716964"
"psrs_2","0.0707","0.292323"
"psrs_2","0.000826","0.0168968"
"psrs_2","0.00364","0.189"
"psrs_2","0.0014","0.0596405"
"psrs_2","0.000938","0.002645"
"psrs_2","0.00476","0.00366307"
"psrs_2","0.00826","0.0377856"
"psrs_2","0.01666","0.666"
"psrs_2","0.00168","0.891"
"psrs_2","0.000966","0.191724"
"psrs_2","0.00182","0.185988"
"psrs_2","0.002744","0.00053361"
"psrs_2","0.00364","0.171"
"psrs_2","0.001218","0.146671"
"psrs_2","0.00476","0.153"
"psrs_2","0.01008","0.657"
"psrs_2","0.00252","0.027982"
"psrs_2","0.00588","0.817348"
"psrs_2","0.001064","0.869189"
"psrs_2","0.00154","0.353489"
"psrs_2","0.00154","0.699074"
"psrs_2","0.000938","0.1352"
"psrs_2","0.00182","0.324"
"psrs_2","0.00154","0.0104882"
"psrs_2","0.00434","0.0144699"
"psrs_2","0.00476","0.00022707"
"psrs_2","0.000574","0.0093819"
"psrs_2","0.00168","0.0291184"
"psrs_2","0.01302","0.252406"
"psrs_2","0.00364","0.0133548"
"psrs_2","0.00196","0.00409739"
"psrs_2","0.00168","0.138895"
"psrs_2","0.001288","0.0311352"
"psrs_2","0.0000336","0.0010816"
"psrs_2","0.000028","0.0010816"
"psrs_2","0.0000336","0.0010816"
"psrs_2","0.00007","0.0010816"
"psrs_2","0.00406","0.00976769"
"psrs_2","0.00378","0.0203296"
"psrs_2","0.00154","0.028657"
"psrs_2","0.01106","0.0341253"
"psrs_2","0.000868","0.019646"
"psrs_2","0.00392","0.223055"
"psrs_2","0.00798","0.00758026"
"psrs_2","0.00406","0.0168921"
"psrs_2","0.00294","0.0390857"
"psrs_2","0.00266","0.0341294"
"psrs_2","0.00238","0.114844"
"psrs_2","0.0028","0.411809"
"psrs_2","0.0021","0.00736036"
"psrs_2","0.000546","0.265454"
"psrs_2","0.0014","0.041912"
"psrs_2","0.00252","0.0245047"
"psrs_2","0.00182","0.045369"
"psrs_2","0.00686","0.038046"
"psrs_2","0.00224","0.0298772"
"psrs_2","0.00294","0.018818"
"psrs_2","0.00798","0.0342225"
"psrs_2","0.00168","0.0155771"
"psrs_2","0.00168","0.0408253"
"psrs_2","0.000574","0.0121882"
"psrs_2","0.00518","0.07381"
"psrs_2","0.00322","0.738727"
"psrs_2","0.001246","0.147226"
"psrs_2","0.00182","0.0229029"
"psrs_2","0.0035","0.0355622"
"psrs_2","0.00896","0.0156017"
"psrs_2","0.000182","0.000393588"
"psrs_2","0.001302","0.0532225"
"psrs_2","0.00308","0.0236558"
"psrs_2","0.00168","0.11422"
"psrs_2","0.00952","0.0165735"
"psrs_2","0.000994","0.000511584"
"psrs_2","0.001344","0.010517"
"psrs_2","0.00154","0.0189241"
"psrs_2","0.00196","0.020452"
"psrs_2","0.00196","0.0124063"
"psrs_2","0.00252","0.02592"
"psrs_2","0.0049","0.0218195"
"psrs_2","0.00077","0.012615"
"psrs_2","0.00266","0.00467718"
"psrs_2","0.00266","0.00767376"
"psrs_2","0.000154","0.00264063"
"psrs_2","0.00098","0.00865581"
"psrs_2","0.00238","0.00527906"
"psrs_2","0.001358","0.0126679"
"psrs_2","0.00252","0.00295704"
"psrs_2","0.00658","0.00805745"
"psrs_2","0.0021","0.00629093"
"psrs_2","0.00154","0.0076343"
"psrs_2","0.000588","0.124759"
"psrs_2","0.000616","0.0473984"
"psrs_2","0.000406","0.00264538"
"psrs_2","0.000112","0.00065712"
"psrs_2","0.00175","0.0162"
"psrs_2","0.00868","0.004335"
"psrs_2","0.001176","0.0333759"
"psrs_2","0.0035","0.00956813"
"psrs_2","0.001008","0.00793264"
"psrs_2","0.00308","0.0745421"
"psrs_2","0.00406","0.0347729"
"psrs_2","0.00154","0.00370678"
"psrs_2","0.001526","0.0464648"
"psrs_2","0.000658","0.00217741"
"psrs_2","0.00182","0.0315821"
"psrs_2","0.000826","0.0037632"
"psrs_2","0.00224","0.025205"
"psrs_2","0.001092","0.96774"
"psrs_2","0.0154","0.016603"
"psrs_2","0.00224","0.0317307"
"psrs_2","0.00294","0.0745557"
"psrs_2","0.000672","0.0054675"
"psrs_2","0.00434","0.0213005"
"psrs_2","0.0000518","0.00768"
"psrs_2","0.000224","0.00192"
"psrs_2","0.000021","0.00256"
"psrs_2","0.0000756","0.00064"
"psrs_2","0.000035","0.00064"
"psrs_2","0.0001988","0.00196"
"psrs_2","0.00056","0.00145181"
"psrs_2","0.00588","0.0773424"
"psrs_2","0.0035","0.0131207"
"psrs_2","0.00308","0.135927"
"psrs_2","0.00196","0.0859179"
"psrs_2","0.0014","0.000893025"
"psrs_2","0.00168","0.0122388"
"psrs_2","0.00308","0.191113"
"psrs_2","0.00182","0.0106341"
"psrs_2","0.0021","0.00650162"
"psrs_2","0.0035","0.0114582"
"psrs_2","0.00182","0.0045621"
"psrs_2","0.00238","0.0419873"
"psrs_2","0.0000826","0.00107811"
"psrs_2","0.00784","0.0222231"
"psrs_2","0.00588","0.00198981"
"psrs_2","0.00196","0.00125764"
"psrs_2","0.000812","0.005766"
"psrs_2","0.003598","0.00076832"
"psrs_2","0.00364","0.00495063"
"psrs_2","0.00238","0.00868292"
"psrs_2","0.000854","0.0217771"
"psrs_2","0.001316","0.00364427"
"psrs_2","0.000812","0.00342891"
"psrs_2","0.00504","0.0179899"
"psrs_2","0.00182","0.032157"
"psrs_2","0.0000434","0.000726"
"psrs_2","0.00308","0.00102684"
"psrs_2","0.00322","0.000484183"
"psrs_2","0.00938","0.604668"
"psrs_2","0.00154","0.0031104"
"psrs_2","0.01204","0.0395178"
"psrs_2","0.00154","0.0263682"
"psrs_2","0.00644","0.0468842"
"psrs_2","0.000658","0.000348486"
"psrs_2","0.001232","0.0739685"
"psrs_2","0.00322","0.00654998"
"psrs_2","0.00196","0.0160197"
"psrs_2","0.00196","0.0122434"
"psrs_2","0.001022","0.00418968"
"psrs_2","0.0049","0.0102121"
"psrs_2","0.00756","0.0126841"
"psrs_2","0.001134","0.002645"
"psrs_2","0.006468","0.0357044"
"psrs_2","0.0021","0.00776859"
"psrs_2","0.0021","0.0247643"
"psrs_2","0.000644","0.00599076"
"psrs_2","0.001232","0.0119072"
"psrs_2","0.00546","0.00351626"
"psrs_2","0.00182","0.0211954"
"psrs_2","0.00168","0.00721018"
"psrs_2","0.00168","0.0104411"
"psrs_2","0.00105","0.0483025"
"psrs_2","0.000854","0.00111465"
"psrs_2","0.00182","0.00085849"
"psrs_2","0.00154","0.0142364"
"psrs_2","0.0119","0.028561"
"psrs_2","0.00868","0.0320166"
"psrs_2","0.00308","0.015364"
"psrs_2","0.00882","0.00712828"
"psrs_2","0.001512","0.0191269"
"psrs_2","0.00378","0.052094"
"psrs_2","0.00406","0.025674"
"psrs_2","0.00126","0.289175"
"psrs_2","0.00308","0.0330512"
"psrs_2","0.00133","0.00251742"
"psrs_2","0.00126","0.0182892"
"psrs_2","0.00084","0.2704"
"psrs_2","0.00154","0.0399218"
"psrs_2","0.000756","0.544605"
"psrs_2","0.00001106","0.0228125"
"psrs_2","0.0182","0.0159398"
"psrs_2","0.00868","0.00343455"
"psrs_2","0.001036","0.00359075"
"psrs_2","0.001106","0.0827418"
"psrs_2","0.00406","0.00793031"
"psrs_2","0.0028","0.0113159"
"psrs_2","0.000658","0.0384729"
"psrs_2","0.0001876","0.0080688"
"psrs_2","0.000616","0.0708845"
"psrs_2","0.00154","0.000481888"
"psrs_2","0.00826","0.0199888"
"psrs_2","0.00364","0.0109656"
"psrs_2","0.00175","0.0017405"
"psrs_2","0.0028","0.0127764"
"psrs_2","0.000784","0.00611044"
"psrs_2","0.014","0.0437543"
"psrs_2","0.00588","0.069485"
"psrs_2","0.00616","0.0331056"
"psrs_2","0.000308","0.0133867"
"psrs_2","0.00462","0.00234145"
"psrs_2","0.00252","0.0451196"
"psrs_2","0.000392","0.000644204"
"psrs_2","0.0175","0.0661025"
"psrs_2","0.001358","0.022815"
"psrs_2","0.00196","0.0109329"
"psrs_2","0.00434","0.027665"
"psrs_2","0.00154","0.125802"
"psrs_2","0.001666","0.00136806"
"psrs_2","0.00952","0.014623"
"psrs_2","0.00196","0.0121104"
"psrs_2","0.00224","0.00560776"
"psrs_2","0.00091","0.0416304"
"psrs_2","0.0308","0.431833"
"psrs_2","0.00602","0.0239643"
"psrs_2","0.00532","0.0110428"
"psrs_2","0.001078","0.0171094"
"psrs_2","0.00154","0.0116964"
"psrs_2","0.00364","0.000371293"
"psrs_2","0.0028","0.00857318"
"psrs_2","0.00238","0.0162588"
"psrs_2","0.00448","0.0366879"
"psrs_2","0.001372","0.00509443"
"psrs_2","0.00238","0.03312"
"psrs_2","0.00476","0.0380133"
"psrs_2","0.002058","0.00893976"
"psrs_2","0.0000798","0.007744"
"psrs_2","0.00182","0.620649"
"psrs_2","0.00154","0.00508954"
"psrs_2","0.001134","0.0063948"
"psrs_2","0.0238","0.0101042"
"psrs_2","0.00252","0.00559982"
"psrs_2","0.00182","0.0126087"
"psrs_2","0.00168","0.0321949"
"psrs_2","0.00798","0.0388731"
"psrs_2","0.001288","0.00535824"
"psrs_2","0.00504","0.0225886"
"psrs_2","0.00196","0.0208231"
"psrs_2","0.00602","0.125664"
"psrs_2","0.0336","0.0592192"
"psrs_2","0.01064","0.170564"
"psrs_2","0.0014","0.0206494"
"psrs_2","0.00196","0.011768"
"psrs_2","0.00252","0.0146842"
"psrs_2","0.00252","0.0701874"
"psrs_2","0.00294","0.0149107"
"psrs_2","0.00602","0.0284433"
"psrs_2","0.001218","0.280898"
"psrs_2","0.0014","0.2736"
"psrs_2","0.00672","0.0325703"
"psrs_2","0.00196","0.0302715"
"psrs_2","0.002436","0.00206116"
"psrs_2","0.0105","0.0121104"
"psrs_2","0.0056","0.031329"
"psrs_2","0.0014","0.0330786"
"psrs_2","0.00616","0.046905"
"psrs_2","0.00238","0.0560455"
"psrs_2","0.000518","0.0161358"
"psrs_2","0.0056","0.162"
"psrs_2","0.00196","0.027225"
"psrs_2","0.00238","0.0259685"
"psrs_2","0.00294","0.0148191"
"psrs_2","0.00938","0.0741481"
"psrs_2","0.00798","0.127316"
"psrs_2","0.00476","0.00440438"
"psrs_2","0.000784","0.01503"
"psrs_2","0.001078","0.0112934"
"psrs_2","0.00756","0.0147533"
"psrs_2","0.00182","0.0142886"
"psrs_2","0.001218","0.0167931"
"psrs_2","0.00336","0.0251647"
"psrs_2","0.00322","0.063075"
"psrs_2","0.0000308","0.0028322"
"psrs_2","0.0021","0.0096746"
"psrs_2","0.00182","0.0170453"
"psrs_2","0.0000154","0.007875"
"psrs_2","0.0000644","0.001125"
"psrs_2","0.000028","0.0016875"
"psrs_2","0.000028","0.001125"
"psrs_2","0.000021","0.0005625"
"psrs_2","0.0000574","0.113374"
"psrs_2","0.00126","0.0110428"
"psrs_2","0.00294","0.00421477"
"psrs_2","0.0021","0.0117553"
"psrs_2","0.001148","8.7079"
"psrs_2","0.000588","0.17783"
"psrs_2","0.01232","0.00648"
"psrs_2","0.00182","0.0461184"
"psrs_2","0.0259","0.0396401"
"psrs_2","0.0021","0.0201236"
"psrs_2","0.0021","0.02809"
"psrs_2","0.00588","0.0537967"
"psrs_2","0.00168","0.0189104"
"psrs_2","0.00112","0.0429025"
"psrs_2","0.00364","0.0231852"
"psrs_2","0.00252","0.00982604"
"psrs_2","0.00252","0.0467005"
"psrs_2","0.0063","0.007396"
"psrs_2","0.001064","0.00742504"
"psrs_2","0.0028","0.0171007"
"psrs_2","0.001022","0.00906783"
"psrs_2","0.000532","0.0054569"
"psrs_2","0.00238","0.118413"
"psrs_2","0.003836","0.00078732"
"psrs_2","0.0154","0.831746"
"psrs_2","0.00728","0.0286978"
"psrs_2","0.004914","0.010571"
"psrs_2","0.000602","0.0340787"
"psrs_2","0.0175","0.0430148"
"psrs_2","0.00196","0.0413525"
"psrs_2","0.0147","0.013948"
"psrs_2","0.0105","0.0340808"
"psrs_2","0.00238","0.00166464"
"psrs_2","0.00252","0.0340458"
"psrs_2","0.00266","0.018831"
"psrs_2","0.00434","0.019626"
"psrs_2","0.0028","0.0174181"
"psrs_2","0.00182","0.0118318"
"psrs_2","0.01358","0.0735745"
"psrs_2","0.00182","0.0326919"
"psrs_2","0.00154","0.0132058"
"psrs_2","0.00252","0.0353944"
"psrs_2","0.0042","0.0381715"
"psrs_2","0.00308","0.0202419"
"psrs_2","0.00196","0.00977739"
"psrs_2","0.00224","0.00429813"
"psrs_2","0.00182","0.0358906"
"psrs_2","0.00294","0.75603"
"psrs_2","0.00602","0.176889"
"psrs_2","0.00196","0.0281688"
"psrs_2","0.0021","0.0295156"
"psrs_2","0.00574","0.02805"
"psrs_2","0.00112","0.0136875"
"psrs_2","0.00224","0.0213074"
"psrs_2","0.01036","0.0188869"
"psrs_2","0.001596","0.00294175"
"psrs_2","0.00546","0.0832664"
"psrs_2","0.00168","0.00598828"
"psrs_2","0.00182","0.022275"
"psrs_2","0.001022","0.0111392"
"psrs_2","0.00168","0.0576562"
"psrs_2","0.00308","0.0236186"
"psrs_2","0.001148","0.0223494"
"psrs_2","0.00616","0.183166"
"psrs_2","0.00364","0.029768"
"psrs_2","0.00224","0.0505022"
"psrs_2","0.00462","0.188744"
"psrs_2","0.00168","0.0293664"
"psrs_2","0.000882","0.215098"
"psrs_2","0.00322","0.0342726"
"psrs_2","0.0056","0.129361"
"psrs_2","0.00238","0.14792"
"psrs_2","0.001512","0.0064516"
"psrs_2","0.00084","0.0241805"
"psrs_2","0.0000476","0.00066978"
"psrs_2","0.00238","0.0466673"
"psrs_2","0.00266","0.00828596"
"psrs_2","0.007","0.00421961"
"psrs_2","0.00168","0.0147591"
"psrs_2","0.001708","0.00605052"
"psrs_2","0.00336","0.0043264"
"psrs_2","0.00098","0.00454282"
"psrs_2","0.0000196","0.0100352"
"psrs_2","0.00238","0.010985"
"psrs_2","0.00168","0.00871504"
"psrs_2","0.0084","0.00131869"
"psrs_2","0.0154","0.0136776"
"psrs_2","0.00868","0.059762"
"psrs_2","0.00119","0.0105984"
"psrs_2","0.01162","0.034151"
"psrs_2","0.00364","0.00833197"
"psrs_2","0.00196","0.0366916"
"psrs_2","0.00168","0.0050477"
"psrs_2","0.0021","1.59218"
"psrs_2","0.00196","1.62784"
"psrs_2","0.00308","0.0274731"
"psrs_2","0.04018","0.0271891"
"psrs_2","0.042","0.060266"
"psrs_2","0.00574","0.0440321"
"psrs_2","0.00532","0.0533771"
"psrs_2","0.01344","0.0256967"
"psrs_2","0.0182","0.00425153"
"psrs_2","0.000546","0.0233709"
"psrs_2","0.00154","0.0105616"
"psrs_2","0.000938","0.0433822"
"psrs_2","0.000798","0.0328325"
"psrs_2","0.002268","0.00340736"
"psrs_2","0.00238","0.00429429"
"psrs_2","0.00826","0.0292681"
"psrs_2","0.00105","0.019323"
"psrs_2","0.002884","0.022188"
"psrs_2","0.00364","0.444946"
"psrs_2","0.0014","0.0343822"
"psrs_2","0.00308","0.044944"
"psrs_2","0.00056","0.0201603"
"psrs_2","0.000518","0.0117238"
"psrs_2","0.001092","0.0274776"
"psrs_2","0.00448","0.0403733"
"psrs_2","0.00336","0.0346176"
"psrs_2","0.00392","0.00202248"
"psrs_2","0.00532","0.00378303"
"psrs_2","0.00462","0.0634644"
"psrs_2","0.00448","0.00282241"
"psrs_2","0.007","0.0078336"
"psrs_2","0.0077","0.0298203"
"psrs_2","0.001092","0.0157092"
"psrs_2","0.0028","0.00873653"
"psrs_2","0.0126","0.0205062"
"psrs_2","0.001134","0.00463668"
"psrs_2","0.014","0.019309"
"psrs_2","0.001204","0.0578"
"psrs_2","0.0001498","0.0010404"
"psrs_2","0.00322","0.0067392"
"psrs_2","0.00756","0.00800588"
"psrs_2","0.0028","0.297605"
"psrs_2","0.00266","0.00805414"
"psrs_2","0.00224","0.0221539"
"psrs_2","0.00224","0.00146523"
"psrs_2","0.00196","0.00992278"
"psrs_2","0.0056","0.0119164"
"psrs_2","0.00294","0.0169594"
"psrs_2","0.0084","0.00510623"
"psrs_2","0.000868","0.0404685"
"psrs_2","0.00504","0.00605284"
"psrs_2","0.00168","0.00152009"
"psrs_2","0.00224","0.0357514"
"psrs_2","0.004802","0.031752"
"psrs_2","0.00196","0.125754"
"psrs_2","0.022974","0.02738"
"psrs_2","0.001036","0.0317261"
"psrs_2","0.02625","0.0570858"
"psrs_2","0.0084","0.00921653"
"psrs_2","0.00294","0.00395214"
"psrs_2","0.0203","0.0234197"
"psrs_2","0.0021","0.00133171"
"psrs_2","0.000966","0.00374625"
"psrs_2","0.0021","0.0118282"
"psrs_2","0.002296","0.0276595"
"psrs_2","0.00588","0.072576"
"psrs_2","0.00168","0.00613312"
"psrs_2","0.00168","0.00595866"
"psrs_2","0.003276","0.00443355"
"psrs_2","0.00476","0.0291585"
"psrs_2","0.01274","0.0111871"
"psrs_2","0.000938","0.0203522"
"psrs_2","0.00308","0.289014"
"psrs_2","0.000854","0.0116281"
"psrs_2","0.002632","0.0242904"
"psrs_2","0.00749","0.0235225"
"psrs_2","0.001316","0.000155952"
"psrs_2","0.004578","0.0887363"
"psrs_2","0.000728","0.0688538"
"psrs_2","0.0042","0.0132787"
"psrs_2","0.001246","0.0827098"
"psrs_2","0.00154","0.00668352"
"psrs_2","0.001302","0.106044"
"psrs_2","0.010864","0.01715"
"psrs_2","0.0000224","0.00184893"
"psrs_2","0.00196","0.00658952"
"psrs_2","0.005908","0.0121978"
"psrs_2","0.001498","0.0130294"
"psrs_2","0.005572","0.0579609"
"psrs_2","0.00924","0.00526077"
"psrs_2","0.00091","0.00126405"
"psrs_2","0.002044","0.0117612"
"psrs_2","0.0063","0.0253127"
"psrs_2","0.0105","0.00382941"
"psrs_2","0.001582","0.0322404"
"psrs_2","0.00002184","0.0006912"
"psrs_2","0.00364","0.0012005"
"psrs_2","0.00224","0.00927472"
"psrs_2","0.000476","0.0023276"
"psrs_2","0.001092","0.0562432"
"psrs_2","0.00196","0.00999868"
"psrs_2","0.00434","0.36"
"psrs_2","0.0063","0.132304"
"psrs_2","0.00924","0.1097"
"psrs_2","0.003822","0.0693842"
"psrs_2","0.00098","0.00155003"
"psrs_2","0.000112","0.0461709"
"psrs_2","0.001722","0.0264992"
"psrs_2","0.01218","0.0261072"
"psrs_2","0.000728","0.00514491"
"psrs_2","0.0063","0.303039"
"psrs_2","0.001274","0.00502949"
"psrs_2","0.006496","0.0195149"
"psrs_2","0.0014","0.0235499"
"psrs_2","0.0504","0.00639014"
"psrs_2","0.001344","0.0255613"
"psrs_2","0.00448","0.00705027"
"psrs_2","0.00938","0.0203069"
"psrs_2","0.00238","0.010609"
"psrs_2","0.003822","0.0122434"
"psrs_2","0.001176","0.111713"
"psrs_2","0.001274","0.0421362"
"psrs_2","0.000994","0.0257372"
"psrs_2","0.00161","0.0185806"
"psrs_2","0.00798","0.238355"
"psrs_2","0.00154","0.000940693"
"psrs_2","0.00042","0.00179574"
"psrs_2","0.001596","0.0202778"
"psrs_2","0.00168","0.0146612"
"psrs_2","0.000574","0.00246473"
"psrs_2","0.00168","0.00238139"
"psrs_2","0.00084","0.0134369"
"psrs_2","0.0028","0.0228358"
"psrs_2","0.001876","0.0118821"
"psrs_2","0.0021","0.0085697"
"psrs_2","0.003332","0.00400445"
"psrs_2","0.0035","0.0492032"
"psrs_2","0.00266","0.0063504"
"psrs_2","0.0001092","0.00511584"
"psrs_2","0.00252","0.00599076"
"psrs_2","0.0021","0.0480484"
"psrs_2","0.000322","0.0185813"
"psrs_2","0.00294","0.00620221"
"psrs_2","0.002324","0.0530968"
"psrs_2","0.0168","0.00963463"
"psrs_2","0.002184","0.010209"
"psrs_2","0.000616","0.00046208"
"psrs_2","0.000546","0.0162911"
"psrs_2","0.00266","0.00279947"
"psrs_2","0.00476","0.0294198"
"psrs_2","0.002744","0.0247118"
"psrs_2","0.005306","0.00808258"
"psrs_2","0.00861","0.183475"
"psrs_2","0.003136","0.087808"
"psrs_2","0.002184","0.0211702"
"psrs_2","0.0014","0.00206438"
"psrs_2","0.00224","0.0100909"
"psrs_2","0.0126","0.0314573"
"psrs_2","0.001344","0.0180643"
"psrs_2","0.001596","0.0355858"
"psrs_2","0.01232","0.400356"
"psrs_2","0.00728","0.0192472"
"psrs_2","0.0000588","0.0005508"
"psrs_2","0.005866","0.0666686"
"psrs_2","0.0056","0.011568"
"psrs_2","0.00658","0.0288855"
"psrs_2","0.001344","0.00477405"
"psrs_2","0.00672","0.00174244"
"psrs_2","0.001232","0.00572216"
"psrs_2","0.0000518","0.00853845"
"psrs_2","0.003108","0.0882821"
"psrs_2","0.00196","0.117979"
"psrs_2","0.00252","0.0131044"
"psrs_2","0.00266","0.0278784"
"psrs_2","0.003584","0.0138298"
"psrs_2","0.00168","0.0114426"
"psrs_2","0.000518","0.07056"
"psrs_2","0.003822","0.00568178"
"psrs_2","0.000217","0.00054756"
"psrs_2","0.0329","0.0613325"
"psrs_2","0.003682","0.0986278"
"psrs_2","0.001848","0.0291542"
"psrs_2","0.00154","0.00619491"
"psrs_2","0.00448","0.0329514"
"psrs_2","0.00476","0.00949628"
"psrs_2","0.056","0.196129"
"psrs_2","0.003696","0.11044"
"psrs_2","0.001246","0.1944"
"psrs_2","0.00196","0.0843906"
"psrs_2","0.0000462","0.008019"
"psrs_2","0.01064","0.140459"
"psrs_2","0.00336","0.0482983"
"psrs_2","0.001092","0.0166566"
"psrs_2","0.00924","0.0286435"
"psrs_2","0.00182","0.0227136"
"psrs_2","0.00168","0.0920902"
"psrs_2","0.00154","0.0865441"
"psrs_2","0.0077","0.0102818"
"psrs_2","0.00252","0.0344103"
"psrs_2","0.021","0.0573521"
"psrs_2","0.006482","0.107125"
"psrs_2","0.00196","0.0073349"
"psrs_2","0.001904","0.0218737"
"psrs_2","0.001008","0.0326432"
"psrs_2","0.003276","0.0458687"
"psrs_2","0.002338","0.036796"
"psrs_2","0.00238","0.00383386"
"psrs_2","0.00266","0.01764"
"psrs_2","0.00882","0.13181"
"psrs_2","0.001848","0.0113837"
"psrs_2","0.00392","0.0291963"
"psrs_2","0.005516","0.129562"
"psrs_2","0.001708","0.0205286"
"psrs_2","0.001834","0.0459375"
"psrs_2","0.00294","0.0114065"
"psrs_2","0.00574","0.0119021"
"psrs_2","0.00392","0.101799"
"psrs_2","0.01288","0.0666803"
"psrs_2","0.00406","0.0205209"
"psrs_2","0.003556","0.0189236"
"psrs_2","0.00238","0.0503885"
"psrs_2","0.0056","0.0143353"
"psrs_2","0.000868","0.0017517"
"psrs_2","0.0035","0.0184236"
"psrs_2","0.00126","0.0285768"
"psrs_2","0.0028","0.000148225"
"psrs_2","0.00294","0.0576615"
"psrs_2","0.00266","0.465831"
"psrs_2","0.0035","0.0513085"
"psrs_2","0.018256","0.209161"
"psrs_2","0.003808","0.0678976"
"psrs_2","0.00364","0.00807696"
"psrs_2","0.0028","0.0914493"
"psrs_2","0.001386","0.0399218"
"psrs_2","0.00896","0.023475"
"psrs_2","0.00322","0.000350464"
"psrs_2","0.016352","0.0775012"
"psrs_2","0.000966","0.0188833"
"psrs_2","0.00462","0.185474"
"psrs_2","0.00224","0.0781714"
"psrs_2","0.00154","0.0366153"
"psrs_2","0.00126","0.00200223"
"psrs_2","0.00392","0.0547053"
"psrs_2","0.0014","0.00124518"
"psrs_2","0.01386","0.0281319"
"psrs_2","0.00518","0.0106266"
"psrs_2","0.00644","0.0282358"
"psrs_2","0.001274","0.0482983"
"psrs_2","0.00434","0.0007056"
"psrs_2","0.00392","0.0198764"
"psrs_2","0.0147","0.028569"
"psrs_2","0.0161","0.0277066"
"psrs_2","0.00238","0.018375"
"psrs_2","0.00364","0.126203"
"psrs_2","0.00084","0.0043687"
"psrs_2","0.000882","0.006889"
"psrs_2","0.001428","0.0154022"
"psrs_2","0.001134","0.016219"
"psrs_2","0.00322","0.0390469"
"psrs_2","0.004844","0.0508808"
"psrs_2","0.00574","0.0411765"
"psrs_2","0.004844","0.0171949"
"psrs_2","0.00322","0.0838252"
"psrs_2","0.000406","0.132496"
"psrs_2","0.000021","0.0043218"
"psrs_2","0.0028","0.0028297"
"psrs_2","0.001512","0.0259617"
"psrs_2","0.001386","0.029282"
"psrs_2","0.00252","0.0112896"
"psrs_2","0.00182","0.0038993"
"psrs_2","0.00252","0.0098568"
"psrs_2","0.001442","0.00204304"
"psrs_2","0.00168","0.012"
"psrs_2","0.00168","0.0772265"
"psrs_2","0.0224","0.0165635"
"psrs_2","0.000812","0.0356462"
"psrs_2","0.001876","0.0543522"
"psrs_2","0.00308","0.0680805"
"psrs_2","0.0014","0.0812902"
"psrs_2","0.00273","0.00579446"
"psrs_2","0.0014","0.0927169"
"psrs_2","0.001218","0.00465866"
"psrs_2","0.0021","0.0042527"
"psrs_2","0.001386","0.152852"
"psrs_2","0.004844","0.0165984"
"psrs_2","0.00392","0.0601374"
"psrs_2","0.0021","0.232079"
"psrs_2","0.000994","0.0133661"
"psrs_2","0.000448","0.017943"
"psrs_2","0.001302","0.0021025"
"psrs_2","0.008708","0.0209106"
"psrs_2","0.00532","0.0282299"
"psrs_2","0.00154","0.00611524"
"psrs_2","0.00196","0.0192084"
"psrs_2","0.00112","0.00615859"
"psrs_2","0.01372","0.0364321"
"psrs_2","0.006594","0.0209952"
"psrs_2","0.00322","0.0127445"
"psrs_2","0.000994","0.0473813"
"psrs_2","0.001176","0.0537484"
"psrs_2","0.000994","0.00029435"
"psrs_2","0.003822","0.0543313"
"psrs_2","0.000686","0.115736"
"psrs_2","0.00105","0.0719737"
"psrs_2","0.00966","0.009522"
"psrs_2","0.005796","0.0203933"
"psrs_2","0.00035","0.0012943"
"psrs_2","0.003388","0.0356168"
"psrs_2","0.004228","0.00202118"
"psrs_2","0.01176","0.02645"
"psrs_2","0.002352","0.034848"
"psrs_2","0.014224","0.0258048"
"psrs_2","0.0042","0.0235225"
"psrs_2","0.00252","0.016375"
"psrs_2","0.00882","0.0291218"
"psrs_2","0.00196","0.0124609"
"psrs_2","0.00644","0.0186302"
"psrs_2","0.00448","0.0539157"
"psrs_2","0.0021","0.00444366"
"psrs_2","0.00322","0.0119232"
"psrs_2","0.005824","0.0219122"
"psrs_2","0.001022","0.00894165"
"psrs_2","0.00056","0.00293789"
"psrs_2","0.000798","0.0125493"
"psrs_2","0.000658","0.0208701"
"psrs_2","0.00238","0.0329098"
"psrs_2","0.001274","0.0384199"
"psrs_2","0.001218","0.107493"
"psrs_2","0.00182","0.00976874"
"psrs_2","0.000336","0.00153664"
"psrs_2","0.0147","0.0607622"
"psrs_2","0.001344","0.00396652"
"psrs_2","0.00742","0.00372507"
"psrs_2","0.001498","0.01255"
"psrs_2","0.00182","0.0268213"
"psrs_2","0.003416","0.00958802"
"psrs_2","0.00126","0.00332698"
"psrs_2","0.001778","0.0226243"
"psrs_2","0.00098","0.00629752"
"psrs_2","0.00504","0.00555074"
"psrs_2","0.002324","0.00946125"
"psrs_2","0.000756","0.0125583"
"psrs_2","0.00098","0.00461918"
"psrs_2","0.000896","0.00575"
"psrs_2","0.001638","0.00632043"
"psrs_2","0.003248","0.00157438"
"psrs_2","0.002674","0.0600635"
"psrs_2","0.00238","0.0060516"
"psrs_2","0.00364","0.00640307"
"psrs_2","0.003794","0.01156"
"psrs_2","0.0014","0.00207155"
"psrs_2","0.00224","0.00790578"
"psrs_2","0.00518","0.0129312"
"psrs_2","0.0014","0.077639"
"psrs_2","0.00308","0.0274749"
"psrs_2","0.0252","0.0181476"
"psrs_2","0.00154","0.00876253"
"psrs_2","0.0021","0.0207425"
"psrs_2","0.000742","0.0694951"
"psrs_2","0.001106","0.0105402"
"psrs_2","0.00294","0.0419904"
"psrs_2","0.00826","0.00324338"
"psrs_2","0.00133","0.0241115"
"psrs_2","0.00182","0.00472392"
"psrs_2","0.00252","0.0283956"
"psrs_2","0.0399","0.075779"
"psrs_2","0.002996","0.0252721"
"psrs_2","0.00728","0.00428574"
"psrs_2","0.00602","0.0312481"
"psrs_2","0.000546","0.000927369"
"psrs_2","0.00154","0.00594104"
"psrs_2","0.00742","0.0274519"
"psrs_2","0.00182","0.0230644"
"psrs_2","0.001078","0.0444756"
"psrs_2","0.00364","0.0232258"
"psrs_2","0.002674","0.0143407"
"psrs_2","0.00238","0.0131805"
"psrs_2","0.00336","0.0390511"
"psrs_2","0.002338","0.0620929"
"psrs_2","0.00168","0.0035972"
"psrs_2","0.00784","0.0642983"
"psrs_2","0.000658","0.0035972"
"psrs_2","0.00126","0.00565979"
"psrs_2","0.00294","0.00729"
"psrs_2","0.000035","0.00038809"
"psrs_2","0.00091","0.0142328"
"psrs_2","0.00182","0.00850124"
"psrs_2","0.00266","0.0840233"
"psrs_2","0.0028","0.0312157"
"psrs_2","0.001302","0.00745935"
"psrs_2","0.00168","0.380314"
"psrs_2","0.00224","0.0314982"
"psrs_2","0.00952","0.0353799"
"psrs_2","0.002856","0.0417928"
"psrs_2","0.00224","0.0125275"
"psrs_2","0.00336","0.0106502"
"psrs_2","0.00238","0.0340034"
"psrs_2","0.00168","0.0149243"
"psrs_2","0.00252","0.0135533"
"psrs_2","0.00196","0.0040425"
"psrs_2","0.000658","0.0924007"
"psrs_2","0.000518","0.0175532"
"psrs_2","0.00224","0.018612"
"psrs_2","0.003948","0.0034816"
"psrs_2","0.00266","0.00379637"
"psrs_2","0.00308","0.0418579"
"psrs_2","0.0287","0.0197695"
"psrs_2","0.001582","0.0111392"
"psrs_2","0.00126","0.00914458"
"psrs_2","0.001834","0.0168545"
"psrs_2","0.00238","0.124184"
"psrs_2","0.002478","0.0014415"
"psrs_2","0.003906","0.0433219"
"psrs_2","0.01386","0.0242114"
"psrs_2","0.00644","0.0269809"
"psrs_2","0.00182","0.000352512"
"psrs_2","0.00266","0.00124926"
"psrs_2","0.00448","0.00489907"
"psrs_2","0.01246","0.0189594"
"psrs_2","0.0090426","0.0870279"
"psrs_2","0.00238","0.00948134"
"psrs_2","0.003248","0.002527"
"psrs_2","0.00154","0.00057121"
"psrs_2","0.00196","0.00436506"
"psrs_2","0.000798","0.00640874"
"psrs_2","0.01946","0.0415873"
"psrs_2","0.00182","0.202269"
"psrs_2","0.001974","0.0182329"
"psrs_2","0.00448","0.0223605"
"psrs_2","0.00994","0.00663227"
"psrs_2","0.00154","0.0091875"
"psrs_2","0.00182","0.0207062"
"psrs_2","0.00266","0.0015376"
"psrs_2","0.0035","0.0110428"
"psrs_2","0.00336","0.00450241"
"psrs_2","0.0049","0.0107751"
"psrs_2","0.0329","0.220881"
"psrs_2","0.00224","0.0080631"
"psrs_2","0.00266","0.0156385"
"psrs_2","0.00336","0.00931896"
"psrs_2","0.00252","0.0242043"
"psrs_2","0.002184","0.0362343"
"psrs_2","0.0126","0.0627028"
"psrs_2","0.00098","0.00715064"
"psrs_2","0.0003122","0.0376679"
"psrs_2","0.001652","0.0167851"
"psrs_2","0.000756","0.0030644"
"psrs_2","0.01288","0.0805933"
"psrs_2","0.00133","0.0364046"
"psrs_2","0.007","0.0058619"
"psrs_2","0.00602","0.0704447"
"psrs_2","0.00168","0.0538374"
"psrs_2","0.005978","0.0436601"
"psrs_2","0.00042","0.0225816"
"psrs_2","0.000756","0.00473344"
"psrs_2","0.00364","0.0114309"
"psrs_2","0.000532","0.0020691"
"psrs_2","0.002352","0.0281702"
"psrs_2","0.000924","0.0233858"
"psrs_2","0.00308","0.00636355"
"psrs_2","0.00196","0.119163"
"psrs_2","0.000077","0.0041405"
"psrs_2","0.002198","0.019856"
"psrs_2","0.00224","0.06759"
"psrs_2","0.001358","0.0863766"
"psrs_2","0.00168","0.010817"
"psrs_2","0.00455","0.0341554"
"psrs_2","0.0112","0.00427716"
"psrs_2","0.00756","0.355008"
"psrs_2","0.0034048","0.0107281"
"psrs_2","0.004774","0.052"
"psrs_2","0.000784","0.00484128"
"psrs_2","0.002422","0.00615859"
"psrs_2","0.001554","0.0128247"
"psrs_2","0.000854","0.00332941"
"psrs_2","0.00154","0.272171"
"psrs_2","0.00154","0.0271261"
"psrs_2","0.00308","0.0233621"
"psrs_2","0.0011557","0.015552"
"psrs_2","0.0098","0.00714566"
"psrs_2","0.001106","0.00186818"
"psrs_2","0.0014","0.00444788"
"psrs_2","0.006608","0.0533178"
"psrs_2","0.00168","0.0155143"
"psrs_2","0.01169","0.0525229"
"psrs_2","0.0079604","0.047349"
"psrs_2","0.00742","0.00423"
"psrs_2","0.00182","0.0181548"
"psrs_2","0.00154","0.0183457"
"psrs_2","0.00336","0.102011"
"psrs_2","0.00495642","0.00630498"
"psrs_2","0.0035","0.0017125"
"psrs_2","0.00406","0.00188511"
"psrs_2","0.001386","0.10648"
"psrs_2","0.000672","0.00133673"
"psrs_2","0.00168","0.0168905"
"psrs_2","0.00392","0.00941972"
"psrs_2","0.001092","0.0868243"
"psrs_2","0.000784","0.00219632"
"psrs_2","0.00035","0.00369842"
"psrs_2","0.001288","0.0304704"
"psrs_2","0.000868","0.0439283"
"psrs_2","0.00546","0.0446407"
"psrs_2","0.0000714","0.0012482"
"psrs_2","0.0000826","0.00008978"
"psrs_2","0.00182","0.138053"
"psrs_2","0.00294","0.0140034"
"psrs_2","0.00252","0.144828"
"psrs_2","0.00308","0.0195095"
"psrs_2","0.00518","0.00771147"
"psrs_2","0.000084","0.0112865"
"psrs_2","0.002338","0.010143"
"psrs_2","0.00819","0.00557568"
"psrs_2","0.003038","0.0253259"
"psrs_2","0.000882","0.0129859"
"psrs_2","0.001246","0.0513229"
"psrs_2","0.00154","0.00857588"
"psrs_2","0.001848","0.0191821"
"psrs_2","0.000616","0.0171049"
"psrs_2","0.0021","0.00346133"
"psrs_2","0.00364","0.00614765"
"psrs_2","0.00588","0.0804357"
"psrs_2","0.000546","0.0155037"
"psrs_2","0.000392","0.000181656"
"psrs_2","0.000714","0.0434808"
"psrs_2","0.000966","0.0170755"
"psrs_2","0.00112","0.00924601"
"psrs_2","0.00154","0.0119212"
"psrs_2","0.000672","0.0352946"
"psrs_2","0.00455","0.0243501"
"psrs_2","0.0014","0.023534"
"psrs_2","0.00000602","0.0038988"
"psrs_2","0.001064","0.0577844"
"psrs_2","0.0371","0.0130538"
"psrs_2","0.00252","0.0117211"
"psrs_2","0.007","0.00274313"
"psrs_2","0.002296","0.0240413"
"psrs_2","0.003612","0.0971094"
"psrs_2","0.00308","0.0046656"
"psrs_2","0.0021","0.0318442"
"psrs_2","0.000056","0.0042525"
"psrs_2","0.000084","0.0010125"
"psrs_2","0.000182","0.00486"
"psrs_2","0.000098","0.0010125"
"psrs_2","0.000084","0.0014175"
"psrs_2","0.000049","0.00126405"
"psrs_2","0.0000224","0.000207368"
"psrs_2","0.0021","0.00393644"
"psrs_2","0.001386","0.0187405"
"psrs_2","0.00105","0.045621"
"psrs_2","0.00252","0.00249318"
"psrs_2","0.000868","0.0308459"
"psrs_2","0.00224","0.00558149"
"psrs_2","0.01078","0.0361306"
"psrs_2","0.000406","0.000852607"
"psrs_2","0.00448","0.0327432"
"psrs_2","0.000294","0.0100352"
"psrs_2","0.002016","0.0975255"
"psrs_2","0.0035","0.00650848"
"psrs_2","0.00224","0.0707131"
"psrs_2","0.001764","0.00186742"
"psrs_2","0.000938","0.0367931"
"psrs_2","0.001036","0.0457532"
"psrs_2","0.001022","0.02695"
"psrs_2","0.00154","0.00133294"
"psrs_2","0.00336","0.00266146"
"psrs_2","0.00196","0.0198339"
"psrs_2","0.0021","0.00600625"
"psrs_2","0.0028","0.0125405"
"psrs_2","0.001344","0.0075479"
"psrs_2","0.000868","0.0455347"
"psrs_2","0.0112","0.190113"
"psrs_2","0.001162","0.0279492"
"psrs_2","0.00672","0.00519251"
"psrs_2","0.01008","0.017289"
"psrs_2","0.00056","0.0314733"
"psrs_2","0.00952","0.000706831"
"psrs_2","0.00392","0.0019881"
"psrs_2","0.001414","0.00881792"
"psrs_2","0.0077","0.0805827"
"psrs_2","0.0063","0.0297956"
"psrs_2","0.001428","0.00978904"
"psrs_2","0.005642","0.112918"
"psrs_2","0.00308","0.0113196"
"psrs_2","0.004326","0.0026136"
"psrs_2","0.002072","0.21875"
"psrs_2","0.00224","0.0308738"
"psrs_2","0.002044","0.0778799"
"psrs_2","0.000518","0.00827138"
"psrs_2","0.00238","0.0123405"
"psrs_2","0.0021","0.0015"
"psrs_2","0.001036","0.0046656"
"psrs_2","0.002576","0.100467"
"psrs_2","0.000798","0.115248"
"psrs_2","0.00406","0.0275562"
"psrs_2","0.0000504","0.00091287"
"psrs_2","0.00126","2.64117"
"psrs_2","0.00217","0.0175205"
"psrs_2","0.00644","0.0539948"
"psrs_2","0.00000882","0.693889"
"psrs_2","0.000574","0.0674028"
"psrs_2","0.001652","0.00188272"
"psrs_2","0.002674","0.005618"
"psrs_2","0.007","0.00996872"
"psrs_2","0.001358","0.0148609"
"psrs_2","0.00189","0.007225"
"psrs_2","0.002702","0.514076"
"psrs_2","0.001456","0.00071824"
"psrs_2","0.000658","0.00625"
"psrs_2","0.0000686","0.00267734"
"psrs_2","0.00084","0.0014112"
"psrs_2","0.000252","0.0319573"
"psrs_2","0.00084","0.01296"
"psrs_2","0.0000049","0.00093636"
"psrs_2","0.00245","0.0535469"
"psrs_2","0.003472","0.337561"
"psrs_2","0.002982","0.143862"
"psrs_2","0.007","0.00186624"
"psrs_2","0.001848","0.0113123"
"psrs_2","0.0000616","0.00266256"
"psrs_2","0.003178","1.09328"
"psrs_2","0.002086","0.028227"
"psrs_2","0.001386","0.0356454"
"psrs_2","0.00168","0.27702"
"psrs_2","0.001036","0.108"
"psrs_2","0.000658","0.007128"
"psrs_2","0.003122","0.0294"
"psrs_2","0.001498","0.020402"
"psrs_2","0.003318","0.0573807"
"psrs_2","0.002912","0.0249371"
"psrs_2","0.001344","0.0111411"
"psrs_2","0.00196","0.0280527"
"psrs_2","0.011788","0.0043732"
"psrs_2","0.0000476","0.00458752"
"psrs_2","0.00392","0.006615"
"psrs_2","0.001008","0.0803754"
"psrs_2","0.003808","0.150543"
"psrs_2","0.00182","0.00212531"
"psrs_2","0.004494","0.473102"
"psrs_2","0.00133","0.0156999"
"psrs_2","0.0000714","0.0001"
"psrs_2","0.00035","0.033282"
"psrs_2","0.0000434","0.0091035"
"psrs_2","0.0035","0.00002312"
"psrs_2","0.0000532","0.002"
"psrs_2","0.002534","0.540335"
"psrs_2","0.001554","0.0642978"
"psrs_2","0.002786","0.00047045"
"psrs_2","0.005404","0.529319"
"psrs_2","0.001204","0.00327665"
"psrs_2","0.007168","0.0203918"
"psrs_2","0.00182","0.0120932"
"psrs_2","0.00105","0.0180075"
"psrs_2","0.002954","0.008"
"psrs_2","0.003612","0.025992"
"psrs_2","0.0000812","0.00184041"
"psrs_2","0.00056","0.0361802"
"psrs_2","0.003612","0.002116"
"psrs_2","0.00182","0.00467856"
"psrs_2","0.002072","0.376832"
"psrs_2","0.002436","0.0338061"
"psrs_2","0.003766","0.0111272"
"psrs_2","0.001232","0.0135375"
"psrs_2","0.002828","0.00189225"
"psrs_2","0.0000644","0.0142884"
"psrs_2","0.018354","0.123649"
"psrs_2","0.018368","0.247673"
"psrs_2","0.002058","0.102223"
"psrs_2","0.002408","0.0007203"
"psrs_2","0.00203","0.00854126"
"psrs_2","0.00966","0.0076832"
"psrs_2","0.001456","0.0547805"
"crab_nanogiant","0.00000001","4000"
"GRPs_vals","0.000112","10684.5"
"GRPs_vals","0.00001634","31225"
"GRPs_vals","0.00084","1064.26"
"rrats_nohead","0.0252","0.122727"
"rrats_nohead","0.00042","1.536"
"rrats_nohead","0.014","0.53125"
"rrats_nohead","0.0196","0.4698"
"rrats_nohead","0.0014","6.1256"
"rrats_nohead","0.0028","0.0368"
"rrats_nohead","0.042","3.025"
"rrats_nohead","0.0084","0.0432305"
"rrats_nohead","0.0084","0.181888"
"rrats_nohead","0.0294","0.922528"
"rrats_nohead","0.00518","3.3327"
"rrats_nohead","0.0224","2.5088"
"rrats_nohead","0.0196","1.3448"
"rrats_nohead","0.0126","1.44991"
"rrats_nohead","0.0126","1.3362"
"rrats_nohead","0.0364","1.1564"
"rrats_nohead","0.0448","0.118482"
"rrats_nohead","0.0028","0.3888"
"rrats_nohead","0.0224","1.2493"
"rrats_nohead","0.014","11.264"
"rrats_nohead","0.0056","5.0688"
"rrats_nohead","0.0063","1.5717"
"rrats_nohead","0.0308","0.0861548"
"rrats_nohead","0.028","8.47"
"rrats_nohead","0.00462","7.9763"
"rrats_nohead","0.014","0.42875"
"rrats_nohead","0.0056","0.500141"
"rrats_nohead","0.0056","0.0909224"
"rrats_nohead","0.0014","28.35"
"rrats_nohead","0.007","1.0143"
"rrats_nohead","0.007","0.085805"
"rrats_nohead","0.01386","6.83823"
"rrats_nohead","0.0224","3.51135"
"rrats_nohead","0.0896","2.8224"
"rrats_nohead","0.000728","5.2"
"rrats_nohead","0.0126","5.1984"
"rrats_nohead","0.01694","25.8118"
"rrats_nohead","0.0042","4.57277"
"rrats_nohead","0.00826","5.8482"
"rrats_nohead","0.01008","0.4624"
"rrats_nohead","0.0035","6.3202"
"rrats_nohead","0.0196","0.5476"
"rrats_nohead","0.0224","0.7744"
"rrats_nohead","0.0056","22.4516"
"rrats_nohead","0.0042","46.656"
"rrats_nohead","0.0231","0.492804"
"rrats_nohead","0.0028","6.534"
"rrats_nohead","0.021","4.225"
"rrats_nohead","0.00364","1.088"
"rrats_nohead","0.0224","6.76"
"rrats_nohead","0.0028","2.592"
"rrats_nohead","0.0084","0.64082"
"rrats_nohead","0.02212","15.1686"
"rrats_nohead","0.091","1.0603"
"rrats_nohead","0.0021","0.39688"
"rrats_nohead","0.007","2.7225"
"rrats_nohead","0.0028","21.1185"
"rrats_nohead","0.14","0.33708"
"rrats_nohead","0.014","1.34189"
"rrats_nohead","0.007","9.8568"
"rrats_nohead","0.0084","1.86749"
"rrats_nohead","0.0532","0.727776"
"frbs_vals_to_plot","0.00112725","35433000000000"
"frbs_vals_to_plot","0.0010354","20258800000000"
"frbs_vals_to_plot","0.0002672","88002600000000"
"frbs_vals_to_plot","0.007181","119472000000000"
"frbs_vals_to_plot","0.02704","0"
"frbs_vals_to_plot","0.000222","0"
"frbs_vals_to_plot","0.000108","0"
"frbs_vals_to_plot","0.00156","0"
"frbs_vals_to_plot","0.00075","0"
"frbs_vals_to_plot","0.000168","0"
"frbs_vals_to_plot","0.000162","0"
"frbs_vals_to_plot","0.000414","0"
"frbs_vals_to_plot","0.000306","0"
"frbs_vals_to_plot","0.000252","0"
"frbs_vals_to_plot","0.000072","0"
"frbs_vals_to_plot","0.000048","0"
"frbs_vals_to_plot","0.000468","0"
"frbs_vals_to_plot","0.0012","0"
"frbs_vals_to_plot","0.000186","0"
"frbs_vals_to_plot","0.001352","39497000000000"
"frbs_vals_to_plot","0.00167","63894600000000"
"frbs_vals_to_plot","0.0049286","95745200000000"
"frbs_vals_to_plot","0.002508","25608440000000"
"frbs_vals_to_plot","0.0015564","95786500000000"
"frbs_vals_to_plot","0.0055771","23461350000000"
"frbs_vals_to_plot","0.0031128","38738600000000"
"frbs_vals_to_plot","0.016224","1732860000000"
"frbs_vals_to_plot","0.000778752","13451400000000"
"frbs_vals_to_plot","0.004056","937100000000"
"frbs_vals_to_plot","0.00234757","13398400000000"
"frbs_vals_to_plot","0.0058365","58217300000000"
"frbs_vals_to_plot","0.0053177","23190090000000"
"frbs_vals_to_plot","0.0029831","50202040000000"
"frbs_vals_to_plot","0.0037613","25784500000000"
"frbs_vals_to_plot","0.0035019","52246600000000"
"frbs_vals_to_plot","0.0041504","378356000000000"
"frbs_vals_to_plot","0.0024643","8280300000000"
"frbs_vals_to_plot","0.0019455","19341400000000"
"frbs_vals_to_plot","0.00338","7189340000000"
"frbs_vals_to_plot","0.0041504","47114480000000"
"frbs_vals_to_plot","0.0041504","6009360000000"
"frbs_vals_to_plot","0.0070038","63601200000000"
"frbs_vals_to_plot","0.002594","18136800000000"
"frbs_vals_to_plot","0.002594","64091250000000"
"frbs_vals_to_plot","0.0284735","28121500000000"
"frbs_vals_to_plot","0.0032425","36230400000000"
"frbs_vals_to_plot","0.000334","17352000000000"
"frbs_vals_to_plot","0.0018158","32655420000000"
"frbs_vals_to_plot","0.0045395","7793680000000"
"frbs_vals_to_plot","0.3663","311202000000"
"frbs_vals_to_plot","0.005808","35731080000000"
"frbs_vals_to_plot","0.0066","36683460000000"
"frbs_vals_to_plot","0.003168","56736220000000"
"frbs_vals_to_plot","0.555","2217974000000"
"frbs_vals_to_plot","0.007587","11868430000000"
"frbs_vals_to_plot","0.003372","4967200000000"
"frbs_vals_to_plot","0.017703","17337000000000"
"frbs_vals_to_plot","0.0045968","8299850000000"
"frbs_vals_to_plot","0.0059488","1865140000000"
"frbs_vals_to_plot","0.004056","3349140000000"
"frbs_vals_to_plot","0.2775","2995160000000"
"frbs_vals_to_plot","0.0004732","84441600000000"
"frbs_vals_to_plot","0.002704","6158670000000"
"frbs_vals_to_plot","0.0010816","7278260000000"
"frbs_vals_to_plot","0.00389376","3767820000000"
"frbs_vals_to_plot","0.00275","49611900000"
"frbs_vals_to_plot","0.0037856","989194200000"
"frbs_vals_to_plot","0.00281216","3723890000000"
"frbs_vals_to_plot","0.0211047","840466000000"
"frbs_vals_to_plot","0.00086528","3087133000000"
"frbs_vals_to_plot","0.00267696","3248670000000"
"frbs_vals_to_plot","0.004125","827880000000"
"frbs_vals_to_plot","0.00735488","3894510000000"
"frbs_vals_to_plot","0.0014872","1025000000000"
"frbs_vals_to_plot","0.0058136","2684700000000"
"frbs_vals_to_plot","0.0018928","1198360000000"
"frbs_vals_to_plot","0.001384","1458180000000"
"frbs_vals_to_plot","0.0075712","5641220000000"
"frbs_vals_to_plot","0.0025688","6974100000000"
"frbs_vals_to_plot","0.00259584","4626580000000"
"frbs_vals_to_plot","0.00687","34536000000000"
"frbs_vals_to_plot","0.009618","1280922000000"
"frbs_vals_to_plot","0.0333882","1481825000000"
"frbs_vals_to_plot","0.0129015","1017120000000"
"solar_vals","0.3","0.00000000216763"
"solar_vals","60000","8.67052"
"solar_vals","30000","2.16763"
"solar_vals","120","0.00346821"
"solar_vals","0.01","0.000000240848"
"solar_vals","360","0.000312139"
"solar_vals","240","0.138728"
"solar_vals","2160","0.011237"
"solar_vals","10","0.0000240848"
"solar_vals","3000","0.0216763"
"solar_vals","18000","0.780347"
"solar_vals","36000","0.0312139"
"solar_vals","0.05","0.0000000602119"
"SGR1935+2154","0.0014","141134999.99999997"
"flarey_boi","2570400","0.214775"
"misc","50","0.0000002"
"misc","1000","0.000001"
"misc","2000","0.00000005"
"grt","200","200"
"jupyter","0.004","0.000000005"
"misc","2520","0.000000441"
"Gosia_AGN_QSO_Blazar_TDE2","485687181.0288816","7477851200000001"
"Gosia_AGN_QSO_Blazar_TDE2","83754745.3994544","1296020840000000"
"Gosia_AGN_QSO_Blazar_TDE2","102534435.2525616","1749733160000000"
"Gosia_AGN_QSO_Blazar_TDE2","277771687.2334512","5356326000000"
"Gosia_AGN_QSO_Blazar_TDE2","1004031231.8789232","2499618800000000"
"Gosia_AGN_QSO_Blazar_TDE2","39062006.9212896","1703521720"
"Gosia_AGN_QSO_Blazar_TDE2","990518082.2285904","2982738400000000"
"Gosia_AGN_QSO_Blazar_TDE2","593228217.5043695","339376210411317.56"
"Gosia_AGN_QSO_Blazar_TDE2","1444461459.9626591","2562634400000000"
"Gosia_AGN_QSO_Blazar_TDE2","54982005.4205424","1728727960000000"
"Gosia_AGN_QSO_Blazar_TDE2","161094397.77450722","56714040000000"
"Gosia_AGN_QSO_Blazar_TDE2","615088374.1035696","3509071269566818"
"Gosia_AGN_QSO_Blazar_TDE2","566050566.9219264","5923466400000000"
"Gosia_AGN_QSO_Blazar_TDE2","436903543.22706723","14262530800000000"
"Gosia_AGN_QSO_Blazar_TDE2","1065148895.2408705","665864840000000"
"Gosia_AGN_QSO_Blazar_TDE2","1794499857.9354239","2457608400000000"
"Gosia_AGN_QSO_Blazar_TDE2","23192113.27591699","10184339393939.396"
"Gosia_AGN_QSO_Blazar_TDE2","2272412855.334096","30667592000000000"
"Gosia_AGN_QSO_Blazar_TDE2","47844704.594592","246330080920"
"Gosia_AGN_QSO_Blazar_TDE2","1708184377.9421422","1121935965363162.8"
"Gosia_AGN_QSO_Blazar_TDE2","1775838970.8684144","1369724361616.7476"
"Gosia_AGN_QSO_Blazar_TDE2","2275945781.9138203","289098253313345.3"
"Gosia_AGN_QSO_Blazar_TDE2","971533615.2879745","5251300000000000"
"Gosia_AGN_QSO_Blazar_TDE2","80844751.29768479","1749733160000000"
"Gosia_AGN_QSO_Blazar_TDE2","277800856.398288","1254010440000000"
"Gosia_AGN_QSO_Blazar_TDE2","107489216.6170992","4558128400000"
"Gosia_AGN_QSO_Blazar_TDE2","250577895.27098882","1167889120000000"
"Gosia_AGN_QSO_Blazar_TDE2","1078562007.2039042","8276048800000000"
"Gosia_AGN_QSO_Blazar_TDE2","76269103.3138752","2050107520"
"Gosia_AGN_QSO_Blazar_TDE2","335963544.222528","1084276360906.5623"
"Gosia_AGN_QSO_Blazar_TDE2","1602636039.500544","7582877200000001"
"Gosia_AGN_QSO_Blazar_TDE2","79796949.27396479","1728727960000000"
"Gosia_AGN_QSO_Blazar_TDE2","910482882.6056688","1075972108309172.1"
"Gosia_AGN_QSO_Blazar_TDE2","1758518741.0471325","1531722499.772"
"Gosia_AGN_QSO_Blazar_TDE2","496022405.51577604","305857572346003.44"
"Gosia_AGN_QSO_Blazar_TDE2","204813001.2259008","48942116000000"
"Gosia_AGN_QSO_Blazar_TDE2","472345483.983552","6091508000000000"
"Gosia_AGN_QSO_Blazar_TDE2","526489874.9415935","2752624768342842"
"Gosia_AGN_QSO_Blazar_TDE2","1629353097.7887025","1491369200000000"
"Gosia_AGN_QSO_Blazar_TDE2","469433877.95633763","16678128800000002"
"Gosia_AGN_QSO_Blazar_TDE2","175969155.21403682","68056848000000"
"Gosia_AGN_QSO_Blazar_TDE2","248606279.81765276","3696915200000.0005"
"Gosia_AGN_QSO_Blazar_TDE2","391344492.53968126","3938475000000"
"Gosia_AGN_QSO_Blazar_TDE2","1432507033.2116306","1808547720000000.2"
"Gosia_AGN_QSO_Blazar_TDE2","638781299.9140464","1393156660182.506"
"Gosia_AGN_QSO_Blazar_TDE2","216602214.22667518","964025146833393.8"
"Gosia_AGN_QSO_Blazar_TDE2","124915866.31388159","164103125000000"
"Gosia_AGN_QSO_Blazar_TDE2","107630224.44150527","59602255000000"
"Gosia_AGN_QSO_Blazar_TDE2","110147750.56901376","1055306973669810.4"
"Gosia_AGN_QSO_Blazar_TDE2","27502196.48262144","777192400000000"
"Gosia_AGN_QSO_Blazar_TDE2","222635113.0363008","6222790500000.001"
"Gosia_AGN_QSO_Blazar_TDE2","155484261.70251265","6564125000000"
"Gosia_AGN_QSO_Blazar_TDE2","17122918.93696512","1085706275000000"
"Gosia_AGN_QSO_Blazar_TDE2","1110314553.979392","959675075000000"
"Gosia_AGN_QSO_Blazar_TDE2","145873003.41098496","18510832500000"
"Gosia_AGN_QSO_Blazar_TDE2","142676900.7333581","4883709000000"
"Gosia_AGN_QSO_Blazar_TDE2","87483230.50857985","69711007500000.01"
"Gosia_AGN_QSO_Blazar_TDE2","93216309.71862528","111064995000000.02"
"Gosia_AGN_QSO_Blazar_TDE2","85676162.63355649","114609622500000.02"
"Gosia_AGN_QSO_Blazar_TDE2","387746258.6320128","31113952500000"
"Gosia_AGN_QSO_Blazar_TDE2","361535652.28046596","951798125000000"
"Gosia_AGN_QSO_Blazar_TDE2","221775457.65062398","6419714250000000"
"Gosia_AGN_QSO_Blazar_TDE2","181618651.37786114","1075344447853415"
"Gosia_AGN_QSO_Blazar_TDE2","95448299.67067392","40828857500000.01"
"Gosia_AGN_QSO_Blazar_TDE2","796096770.8396775","1522877000000000"
"Gosia_AGN_QSO_Blazar_TDE2","61971439.1995008","1026363955404607"
"Gosia_AGN_QSO_Blazar_TDE2","664536395.6263527","13115121750000000"
"Gosia_AGN_QSO_Blazar_TDE2","164459634.54287615","5960225500000"
"Gosia_AGN_QSO_Blazar_TDE2","957723868.4064306","26125217500000"
"Gosia_AGN_QSO_Blazar_TDE2","193339920.710592","1157720730608234"
"Gosia_AGN_QSO_Blazar_TDE2","511738930.95183355","2599393500000000"
"Gosia_AGN_QSO_Blazar_TDE2","168256627.89760512","901686338262182.6"
"Gosia_AGN_QSO_Blazar_TDE2","554006015.5614797","5526993250000000"
"Gosia_AGN_QSO_Blazar_TDE2","232950076.2771379","82182845000000"
"Gosia_AGN_QSO_Blazar_TDE2","134953388.22816","833643875000000"
"Gosia_AGN_QSO_Blazar_TDE2","317411017.5152563","6091508000000000"
"Gosia_XRB2","1263573.1026432002","365469600000000000000000000000000000000000"
"Gosia_XRB2","80852.3124192","394875200000000000000000000000000000000000"
"Gosia_XRB2","78903.63885312","213209242603550360000000000000000000000000"
"Gosia_XRB2","3715676.5252032","1653014800000000200000000000000000000000000"
"Gosia_XRB2","116619.3814608","19470708000000000000000000000000000000000"
"Gosia_XRB2","177294.70248480001","19701752000000000000000000000000000000000"
"Gosia_XRB2","829007.295192","18252476000000000000000000000000000000000"
"Gosia_XRB2","942091.5331296","953581600000000000000000000000000000000000"
"Gosia_XRB2","355463.0091072001","134627448440000000000000000000000000000000"
"Gosia_XRB2","61753.7103984","39487520000000000000000000000000000000000"
"Gosia_XRB2","57625.3563984","2056134280040000000000000000000000000000000"
"Gosia_XRB2","98742.714768","15837016000000000000000000000000000000000"
"Gosia_XRB2","66794.42973599999","16497299844399997000000000000000000000000"
"Gosia_XRB2","1406707.3740671999","18000428000000000000000000000000000000000"
"Gosia_XRB2","1891312.9394112001","4179796000000000400000000000000000000000000"
"Gosia_XRB2","6897224.533867201","2373452000000000000000000000000000000000000"
"Gosia_XRB2","4522115.419603201","516698400000000000000000000000000000000000"
"Gosia_XRB2","400381.31844000006","60245584164000000000000000000000000000000000"
"Gosia_XRB2","2509093.76979456","9241760000000000000000000000000000000000000"
"Gosia_XRB2","3522395.5273036803","42401825000000000000000000000000000000000"
"Gosia_XRB2","923364.8797132801","3071835000000000000000000000000000000000000"
"Gosia_XRB2","1609706.2445567998","116834750000000000000000000000000000000000"
"Gosia_XRB2","297539.74757376","92811425000000000000000000000000000000000"
"Gosia_XRB2","1549603.94236416","164093749999999990000000000000000000000000"
"Gosia_XRB2","312967.85660928","3859485000000000300000000000000000000000000"
"Gosia_XRB2","549038.73364992","30061975000000000000000000000000000000000"
"Gosia_XRB2","2696347.1645568","566606379155509300000000000000000000000000"
"Gosia_XRB2","1185608.27374848","238571107012845580000000000000000000000000"
"Gosia_XRB2","1897169.8531967998","63537100000000000000000000000000000000000"
"Gosia_XRB2","804698.5653273601","18193550920522147000000000000000000000000000"
"Gosia_XRB2","162197.78867712","51328525000000000000000000000000000000000"
"Gosia_XRB2","1122932.2028544","69050650000000000000000000000000000000000"
"Gosia_XRB2","718094.0454681601","50278325000000000000000000000000000000000"
"Gosia_XRB2","674454.1147776","236295000000000000000000000000000000000000"
"Gosia_XRB2","461798.36902656","5526677499999999600000000000000000000000000"
"Gosia_XRB2","4791742.24801536","3255620000000000500000000000000000000000000"
"Gosia_XRB2","4774318.77141504","75876950000000000000000000000000000000000"
"Gosia_XRB2","1123886.4283008","97537325000000000000000000000000000000000"
"Gosia_XRB2","1688239.9831680001","12116682500000000000000000000000000000000"
"Gosia_XRB2","2558065.06944","83228350000000000000000000000000000000000"
"Gosia_XRB2","1033223.72200704","66556425000000000000000000000000000000000"
"Gosia_XRB2","1899117.77499648","59205025000000000000000000000000000000000"
"Gosia_XRB2","1841951.01441024","100031550000000000000000000000000000000000"
"Gosia_XRB2","1620645.4827187199","4817792500000000000000000000000000000000000"
"Gosia_XRB2","1923722.6678783998","69050650000000000000000000000000000000000"
"Gosia_XRB2","1358162.3972505599","2927432500000000000000000000000000000000000"
"Gosia_XRB2","2012938.99227648","96618400000000000000000000000000000000000"
"Gosia_XRB2","5086589.87098368","5447912500000000000000000000000000000000000"
"Gosia_XRB2","4850659.443432961","10502000000000000000000000000000000000000"
"Gosia_XRB2","566343.4954752","17722125000000000000000000000000000000000"
"Gosia_XRB2","1554762.0439296","253481801201149520000000000000000000000000"
"Gosia_XRB2","2517997.4361216","44896050000000000000000000000000000000000"
"Gosia_XRB2","1527613.26395904","91629950000000000000000000000000000000000"
"Gosia_XRB2","584294.0486399999","1824722500000000000000000000000000000000000"
"Gosia_XRB2","3068199.9110016003","97012225000000000000000000000000000000000"
"Gosia_XRB2","1070538.6229862398","150966250000000000000000000000000000000000"
"Gosia_XRB2","246996.36903168","61447951651861880000000000000000000000000000"
"Gosia_XRB2","1902722.48335872","110927375000000000000000000000000000000000"
"Gosia_XRB2","2639218.00808448","107514225000000000000000000000000000000000"
"Gosia_XRB2","3816352.1115648","3137472500000000400000000000000000000000000"
"Gosia_XRB2","329630.4222336","5697335000000000000000000000000000000000000"
"Gosia_XRB2","3766819.07602944","120148262275000010000000000000000000000000"
"Gosia_GRB2","4913187.6198528","431344600000"
"Gosia_GRB2","8232453.3831552","82875372567.25945"
"Gosia_GRB2","4702629.5266608","5477608768215.155"
"Gosia_GRB2","5027462.60177664","337974275000"
"Gosia_SN2","34072796.355897605","1059296.6286218232"
"Gosia_SN2","16646509.1697984","15669879.200000001"
"Gosia_SN2","212238465.83425438","188115462.43288535"
"Gosia_SN2","10886172.4097424","495722720.00000006"
"Gosia_SN2","10555296.791961601","6070502.8"
"Gosia_SN2","6635254.7766672","231057200"
"Gosia_SN2","18448187.728838403","424305040.00000006"
"Gosia_SN2","7050225.525926399","4285060.800000001"
"Gosia_SN2","4047813.9742896003","15648874"
"Gosia_SN2","29344263.1113168","27726864"
"Gosia_SN2","3673379.1092659202","18248267.5"
"Gosia_SN2","18373081.7306448","2856707.2"
"Gosia_SN2","8767610.466119999","82970540"
"Gosia_SN2","3687229.7938368004","27516812"
"Gosia_SN2","2186989.057872","733081480"
"Gosia_RSCVn2","2140874.8305408","0.03733160839555555"
"Gosia_RSCVn2","472771.13377536","0.014400377425000001"
"Gosia_RSCVn2","136702.9046016","0.010654980910575"
"Gosia_RSCVn2","311552.80425216","0.016088801657500002"
"Gosia_RSCVn2","1036724.5515110401","0.013047604473075"
"Gosia_RSCVn2","423355.9723776","0.0237621325"
"Gosia_RSCVn2","225403.6301568","0.013685019082500001"
"Gosia_RSCVn2","1254858.9959116802","0.023499567500000002"
"Gosia_RSCVn2","405385.12689407996","0.00654050727825"
"Gosia_RSCVn2","289345.78550016","0.00628843175"
"Gosia_flare_stars2","17842.6277712","0.00000052513"
"Gosia_flare_stars2","414.4117248","0.00000046421492"
"Gosia_flare_stars2","9043.3456128","0.0000008696152800000001"
"Gosia_flare_stars2","6274.2101472","0.00000170982328"
"Gosia_Novae2","21673923.358752","0.78386365152"
"Gosia_Novae2","10726466.159318399","0.7392519675520001"
"Gosia_Novae2","19833842.8082736","1.1657886"
"Gosia_Novae2","3894401.0580048","1.20989952"
"Gosia_Novae2","38113325.119857594","1.8568596800000001"
"Gosia_Novae2","11816430.9249888","1.7749394"
"Gosia_Novae2","38552149.7428464","1.0021370868000001"
"Gosia_Novae2","344625.61985280004","0.00017198007500000002"
"Gosia_MagCV2","11742.3212976","0.000787274896"
"Gosia_MagCV2","12472.5718944","0.00110697404"
"Gosia_MagCV2","18628.7192928","0.00046211440000000004"
"Gosia_MagCV2","7054.2129312","0.00048522012000000003"
"Gosia_MagCV2","4453.1491392","0.000780973336"
"Gosia_MagCV2","1391.7777868800001","0.0026777691525"
"gw170817","71000000","140000"